level,level1,level4,level4,level5,level6,level7,level7,level8,level9
curtail,w/o,w/o,w,w,w,w/o,w,w,w
bus,,,,,,,,,
LV3.205 Bus 116,0.0,-23.04100075781821,-22.90926775781668,-22.997660600817426,-22.079500328890845,-61.480909947972805,-51.36155396151048,-57.29365661746169,-61.42940338298172
LV3.205 Bus 50,0.0,-12.153409062667833,-12.153427102612113,-12.153437433024465,-12.153437433025147,-42.320121931359154,-37.33327376781517,-40.30934033422545,-39.33544623015359
LV3.203 Bus 85,0.0,-25.196268127152052,-25.040973282806135,-25.153062981557923,-22.125448441836397,-63.92473031705504,-53.51509100354906,-59.40399913637157,-63.836141682824746
LV2.203 Bus 25,0.0,-7.860579378912689,-7.86057937891178,-7.860549296289605,-7.8605492962898325,-25.151548926661917,-21.698109967051437,-23.220607801087226,-21.08622567335715
LV3.204 Bus 55,0.0,-12.616128081411034,-12.61612808140967,-12.61612808141058,-9.276741211514263,-26.653736566785483,-22.422358476421323,-24.770230315094977,-24.54615190958475
LV3.203 Bus 135,0.0,-6.000594203324454,-6.000594203324226,-6.000594203324567,-5.115554592376952,-5.8592038710836505,-5.390239188329133,-5.6462869948438765,-4.000766918059753
LV4.202 Bus 4,0.0,-21.967844259884714,-21.967838111636866,-21.967838111636866,-20.722496168875296,-62.298905087652656,-56.31700189809567,-61.092340803090565,-62.298533361678665
LV3.203 Bus 71,0.0,-10.444309557352994,-10.444426038247911,-10.44430955735254,-10.372632727152904,-29.91012344532055,-27.34317923155311,-28.870914639807893,-26.493742581743163
LV3.205 Bus 110,0.0,-14.4831454214127,-14.483145421411791,-14.483145421412246,-14.38835152044203,-48.04889610951409,-40.50417523698343,-44.93844232688343,-44.60190777415073
LV4.232 Bus 33,0.0,-10.512087612995401,-10.512087612995401,-10.512087612995401,-7.794608737879116,-39.12643935900337,-39.1264224222532,-39.12643935900337,-39.12328346348227
LV3.205 Bus 113,0.0,-16.087088381487774,-16.08705829886412,-16.087058298864576,-16.087058298864804,-51.79521144871569,-43.2789479912276,-47.744152481016044,-51.01214323762406
LV4.219 Bus 26,0.0,-21.776727250551858,-21.776727250552085,-21.776727250552085,-21.07747209948093,-53.59992358755744,-53.59991073322908,-53.59992358755744,-53.596479196738755
LV2.217 Bus 23,0.0,-20.406835141807278,-20.374767517416785,-20.382012832416876,-19.001272827768844,-35.92732918335241,-26.125256673125477,-30.455125958636927,-32.229271230135055
LV5.217 Bus 52,0.0,-14.406832200291774,-14.406832200291774,-14.406832200291774,-12.800887138837197,-37.822020066561436,-37.030765206067144,-37.78533534156122,-37.82202006656098
LV5.217 Bus 100,0.0,-7.069204245225649,-7.066862325225543,-7.069204245225592,-7.069204245225649,-25.952651326388605,-25.833258626388385,-25.945548037888614,-25.952651326388263
LV3.203 Bus 36,0.0,-7.773297139779686,-7.773297139778492,-7.7732763414923625,2.171922103309271,-28.204377872373186,-25.895585839155842,-27.30231581029193,-25.523828744260754
LV3.202 Bus 78,0.0,-36.607469649043196,-35.66136092170018,-36.607469649043196,-35.475856731326985,-107.05331400664181,-90.05984579188453,-99.08290004592709,-107.05267853568421
LV3.203 Bus 118,0.0,-4.405173797636735,-4.405173797636337,-4.405173797636621,-4.405173797636678,-18.754418653250013,-17.506265257249908,-18.266354522499967,-18.17567411291759
LV2.217 Bus 82,0.0,-12.401396251260394,-12.072353200999714,-12.156491158080371,-12.334107400974744,-36.39292534821561,-30.65296769604538,-32.61152697356374,-32.375392640131395
LV2.217 Bus 1,0.0,-11.94695517443131,-11.92921513042893,-11.946955174430741,-11.946955174431196,-47.25962153159708,-37.67366340159606,-41.33271053634644,-42.9402627594319
LV4.232 Bus 16,0.0,-26.477549175989225,-26.47754917598968,-26.477549175989225,-25.274271476185277,-78.3264412230842,-78.3264412230833,-78.32644716032792,-78.3258057521266
LV6.202 Bus 7,0.0,-38.30040338120125,-38.30040338120125,-38.30040338120125,-38.01051555650656,-120.96212513713681,-120.96341219150418,-120.96212513713726,-120.96125184517996
LV3.205 Bus 64,0.0,-8.36721963668515,-8.36721963668424,-8.367219636684695,-7.350381309213162,-20.838919744066516,-17.73920283115058,-19.574542449430737,-19.5413303886196
LV3.204 Bus 71,0.0,-13.129731379657187,-13.12975596325623,-13.12975596325714,-13.129755963257594,-45.028304373844776,-39.27409853838594,-42.80126527850075,-42.38582453233403
LV3.203 Bus 77,0.0,-14.029813790144772,-14.029813790144544,-14.029813790144772,-13.340307178073772,-41.52404422980385,-36.003463001330374,-38.98217572935505,-40.56357605829385
LV3.203 Bus 56,0.0,-11.66418700462225,-11.66418700462225,-11.664187004622136,-11.664187004622136,-48.29085050854144,-41.02082813354116,-45.31448165154143,-46.190360595624156
LV5.217 Bus 29,0.0,-11.018539353040069,-11.018539353040069,-11.018539353040069,-9.789687377902055,-19.885723119779186,-19.501779739250424,-19.86390208977923,-19.886596280216963
LV5.217 Bus 51,0.0,-16.709388047884886,-16.61281653655783,-16.702980456557725,-16.709388047884886,-53.05704638379393,-52.526878659037266,-53.02668020179408,-53.0570605579951
LV3.204 Bus 120,0.0,-3.7608668048741265,-3.722225124873887,-3.737681796874085,-3.7608668048741265,-16.370158104513877,-15.054835634513836,-15.892355433013876,-15.174567458319586
LV4.219 Bus 41,0.0,-5.632359732839404,-5.632359732839404,-5.632359732839404,-5.631889092877827,-12.972785201085799,-12.972231012670818,-12.972785201085799,-12.97223142530106
LV3.205 Bus 73,0.0,-14.800490171171987,-14.800490171170395,-14.800490171171532,-13.523841837016334,-39.30886719288969,-32.97933683171868,-36.52862921000633,-37.133007285174926
LV2.203 Bus 92,0.0,-8.483045094270778,-8.48304509426896,-8.483045094270437,-8.483045094270778,-36.96971314166666,-31.277524261665974,-33.91124776141618,-34.05675643200016
LV2.203 Bus 14,0.0,-25.833530234125192,-25.672545262786116,-25.833521467945275,-25.76046620902116,-80.11010252800884,-65.31418326290736,-72.72556052522873,-78.39500833824377
LV2.203 Bus 101,0.0,-6.420074575692752,-6.420041887018897,-6.420074575692752,-6.420041887019806,-20.820496108089742,-18.998060963643184,-19.805043297148018,-17.31461601648357
LV2.217 Bus 28,0.0,-16.432973214911044,-16.389647694909854,-16.432973214910362,-15.731560404573884,-52.02529607350721,-39.35147795181456,-44.73860052420423,-48.70227989890668
LV1.202 Bus 13,0.0,-5.655363396180519,-5.655363396180519,-5.655363396180519,-5.655363396180519,-24.18951979111108,-24.189519791110854,-24.18951979111108,-24.189519791110797
LV3.205 Bus 85,0.0,-8.745611672944733,-8.74638632438041,-8.745642880557625,-5.864522075830109,-3.8151188027211447,-3.210738017575977,-3.4835062402155472,-2.087713498805215
LV3.202 Bus 65,0.0,-6.362283820703055,-6.362283820702146,-6.362283820702714,-6.362283820702999,-27.19833372374984,-23.888735473749534,-25.566540362999604,-23.80666155400013
LV5.217 Bus 106,0.0,-4.800648368335828,-4.800648368335715,-4.800648368335715,-4.800417210409364,-12.034308724342395,-11.947738009342174,-12.027750961592346,-12.015054570461189
LV2.203 Bus 4,0.0,-23.89965601479571,-23.78987851479519,-23.899656014795482,-19.868778139318465,-58.223292856881244,-45.40576773233056,-51.680625155798225,-55.06903977203706
LV4.232 Bus 22,0.0,-4.125630479396023,-4.125533433272835,-4.125596011418338,-4.125530023888587,-11.021580279704722,-11.021460154680653,-11.021660194550122,-11.023063539555096
LV3.203 Bus 104,0.0,-5.401767693424745,-5.372510505290393,-5.384183512790742,-5.401754187837014,-17.2529918286765,-16.2209114191852,-16.815043389154653,-15.873693492666234
LV3.203 Bus 83,0.0,-16.34725342981187,-16.34725342981187,-16.34725342981187,-16.26311160399814,-52.01374581267714,-45.098298911199436,-49.01300846251388,-49.991278036684434
LV3.204 Bus 114,0.0,-6.671095110468741,-6.671095110468059,-6.671095110468514,-6.671095110468741,-22.668449923164076,-20.50379881304002,-21.906480235046274,-20.048066398527453
LV3.204 Bus 98,0.0,-12.240827957069541,-12.016119134500059,-12.176586164069704,-11.241898717996946,-34.34678676917474,-28.219717202306583,-32.062829576548666,-32.27789379907517
LV3.205 Bus 130,0.0,-15.48971876517021,-15.489736321165083,-15.489685345616863,-15.48978988017734,-50.86391097087994,-42.88334192911361,-47.50535948590641,-48.34814860416077
LV4.219 Bus 8,0.0,-20.127111154314434,-20.127137408101817,-20.127111154314434,-20.126949895832468,-64.05387032186832,-64.05394513707165,-64.05387032186854,-64.05389776667676
LV4.219 Bus 15,0.0,-9.597473513793148,-9.597521445078314,-9.597528267678854,-9.44650286432784,-36.02159023356228,-36.021510697805184,-36.02153658904035,-36.02159050594685
LV3.203 Bus 60,0.0,-17.514093288989898,-17.51408206017618,-17.51408206017595,-17.397339697117786,-58.45170674529709,-50.209130212042055,-54.8260315324992,-57.32279729005154
LV3.204 Bus 18,0.0,-7.82859828089272,-7.82850123476851,-7.828598280892493,-7.822151296195898,-25.873996838389303,-22.708499628166123,-24.76532550235504,-23.358781198685847
LV3.202 Bus 122,0.0,-16.675961149710247,-16.572707453268094,-16.675961149710474,-14.872047777671924,-51.528438826105,-42.18216683552214,-46.94746967314768,-47.8535854405186
LV3.203 Bus 96,0.0,-9.88781100331596,-9.718314543314591,-9.867041100315646,-9.88781100331596,-40.57816637194446,-35.014351716944134,-38.23899396294428,-38.770895426991956
LV4.202 Bus 26,0.0,-17.190405385325448,-17.190405385325903,-17.190405385325903,-17.190405385325448,-59.383595117291634,-54.6588690972917,-58.39428698104166,-59.38081233220555
LV3.202 Bus 91,0.0,-20.910511532160854,-20.881530272160717,-20.891190692160762,-20.378119462897985,-61.47818815438609,-48.91213219572023,-55.305889190967264,-60.483157370307026
LV4.202 Bus 3,0.0,-16.31920981712733,-16.31920981712733,-16.31920981712733,-16.31920981712733,-54.580737430737145,-49.9740389184924,-53.65758915931383,-54.55379318120322
LV3.205 Bus 104,0.0,-6.863925046608756,-6.863925046608301,-6.863925046608756,-5.661511294783168,-14.734386842516187,-12.71718695456866,-13.935224889581264,-12.85538119768421
LV4.219 Bus 25,0.0,-14.56350754383925,-14.563507543839478,-14.56350754383925,-12.710506439786286,-37.05652382410722,-37.05652382410722,-37.05652382410722,-37.05751841608185
LV3.202 Bus 2,0.0,-21.260603514441982,-21.26060351444221,-21.26060351444221,-21.260603514441982,-79.26711338267341,-66.04623837267332,-73.02176725292338,-79.0535631226735
LV4.232 Bus 34,0.0,-7.776124669748242,-7.776124669748242,-7.776124669748242,-7.776124669748242,-34.46269186402776,-34.46269186402776,-34.46269186402776,-34.46269186402776
LV3.204 Bus 78,0.0,-9.149971938564931,-9.14997193856425,-9.14997193856459,-7.75369198786359,-22.812606938679437,-19.895583316944,-21.821617388839968,-21.016468964108867
LV3.204 Bus 21,0.0,-7.363554151051403,-7.327272151193711,-7.340957746193908,-5.937857328797463,-5.308305565460387,-4.622412631112411,-4.970855250171553,-3.9044840621854746
LV3.205 Bus 70,0.0,-7.069204245225649,-7.06920424522383,-7.069204245224967,-7.069204245225649,-30.59017652638886,-26.712425271388042,-29.094676126638205,-28.597732751388264
LV4.202 Bus 14,0.0,-4.93900787246605,-4.939007872465595,-4.939007872465936,-4.195167202303992,-7.240611027975319,-6.9389735586624965,-7.159011165047104,-6.557768446236651
LV3.204 Bus 118,0.0,-13.684678160264639,-13.07929184026466,-13.392852972764672,-13.684678160264639,-52.49321574826388,-44.067843793263705,-49.1725059327639,-51.33659359959995
LV4.202 Bus 41,0.0,-10.257723151047685,-10.257723151047685,-10.257723151047685,-10.257723151047685,12.594665357926715,13.515141067926379,12.719208258926301,12.594550772957518
LV3.202 Bus 15,0.0,-7.130894907648553,-7.130788768011826,-7.130976307861374,-7.080765957177277,-21.792887958038705,-20.673356552322275,-21.21590794648057,-19.20550556148794
LV3.202 Bus 51,0.0,-4.241522547135389,-4.241522547134423,-4.241522547135105,-4.241522547135389,-18.385276775833262,-16.69261423083279,-17.55123745958292,-16.753250511528876
LV3.203 Bus 53,0.0,-21.37444246934433,-21.374442469344785,-21.374442469344558,-20.540284577354214,-64.25593019723351,-53.68826840594261,-59.77278619687877,-64.10732547588236
LV4.202 Bus 36,0.0,-6.803976143458044,-6.803976143457135,-6.803976143457817,-6.803976143458044,-24.14051565247371,-22.36495461921288,-23.85501413349857,-24.125540280611176
LV4.219 Bus 2,0.0,-8.616876619867526,-8.616876619867298,-8.616876619867298,-7.23296278224484,-14.127667777534953,-14.127667777534725,-14.127667777534953,-14.127736482793352
LV3.202 Bus 110,0.0,-22.9749137969834,-22.974913796981127,-22.974913796982946,-22.9749137969834,-78.63241213576384,-63.253918375762396,-71.69533135226334,-78.13825273576253
LV6.202 Bus 49,0.0,-6.251373402292302,-6.251373402292302,-6.251373402292302,-6.251373402292302,-17.407376607483684,-17.407376607483684,-17.407376607483684,-17.407376607483684
LV4.232 Bus 14,0.0,-26.01886769352359,-26.01886769352359,-26.01886769352359,-25.217377556759402,-77.33282081639436,-77.33282081639413,-77.33282081639436,-77.33220797314561
LV3.204 Bus 86,0.0,-6.0984772477350475,-6.0986208205308685,-6.09847724773465,3.515008851887785,-23.497406357605314,-21.204552577034633,-22.699389383967514,-22.578483260981784
LV3.204 Bus 74,0.0,-16.077099474021907,-15.919286370781037,-15.984091688281296,-14.845981173150676,-43.30480870065617,-34.502972515128704,-39.54395059648277,-43.0665723719726
LV3.204 Bus 93,0.0,-19.296838112247997,-19.296838112247997,-19.296838112248224,-18.314387134167873,-56.55319923926277,-46.041995185770475,-52.105195733982555,-56.38153795432686
LV3.205 Bus 95,0.0,-13.42842887623533,-13.267681594643818,-13.413498175661971,-13.38079221288217,-39.95293075277209,-34.771937680085784,-37.61398777061049,-37.453437675693294
LV6.202 Bus 20,0.0,-8.12958488200951,-8.12958488200951,-8.12958488200951,-8.12958488200951,-33.152676240347205,-33.152676240347205,-33.152676240347205,-33.152676240347205
LV3.205 Bus 89,0.0,-10.8859413960854,-10.885841573546713,-10.885841573546713,-10.818479356322769,-34.9296348823616,-31.41657911429388,-33.50657016677337,-31.7774167366274
LV1.202 Bus 10,0.0,-15.812337207400788,-15.812337207400788,-15.812283514881301,-15.734307391027642,-51.574356513541716,-51.5747039415769,-51.574356513541716,-51.5763272477609
LV3.205 Bus 82,0.0,-7.4413868109589885,-7.441386810957908,-7.441386810958647,-5.736756283318357,-28.77297063726155,-24.42532986988647,-26.821986177805883,-26.818128637708554
LV5.217 Bus 25,0.0,-18.505241943218152,-18.505241943218152,-18.50524194321838,-15.284029782200378,-41.993298151607405,-41.13881341949764,-41.93674706085744,-41.99231939323454
LV3.203 Bus 58,0.0,-21.046819830289905,-20.957534130288423,-21.046819830289223,-17.707432960393135,-56.374065250964804,-47.833818644475514,-52.794627071029254,-55.00071628845603
LV4.219 Bus 10,0.0,-22.0651337605957,-22.0651337605957,-22.065133760595472,-20.46449458366419,-59.55282734751563,-59.55282734751472,-59.552827347515404,-59.5493958110244
LV3.205 Bus 124,0.0,-15.106699543066497,-14.700610663922134,-14.942796389929526,-12.11451154088354,-36.917845712251165,-30.528445791400827,-34.127113181809364,-34.79855191833872
LV3.202 Bus 12,0.0,-9.477685585170207,-9.477686543414052,-9.477685585170207,-9.359575459634812,-26.915421394670034,-24.77904617166064,-25.82360006797751,-23.448526702714844
LV3.202 Bus 80,0.0,-16.66312429231766,-16.663124292317548,-16.66312429231766,-16.66312429231766,-63.16598862291664,-50.717248087916346,-57.40396435491664,-60.676966052060834
LV3.204 Bus 88,0.0,-5.726600621943135,-5.726600621942396,-5.726600621942907,2.3189484402868743,-22.14513775902867,-19.740671125234485,-21.31366477865197,-19.505934398850627
LV4.202 Bus 19,0.0,-12.69947653288284,-12.438645192882746,-12.64731026488289,-8.596307970625844,-44.83902151424445,-40.33396077983298,-43.88541298789971,-44.83436299512846
LV6.202 Bus 26,0.0,-18.37566263993358,-18.377764307709185,-18.375662639933125,-18.37775865027288,-37.99784515640067,-37.99675270272701,-37.99785065188189,-38.000558348881896
LV3.205 Bus 46,0.0,-10.311550537137009,-10.311550537135759,-10.311550537136554,-9.230255735462606,-24.451312861335964,-21.423603933251684,-23.26323598115664,-22.382082597498425
LV2.203 Bus 71,0.0,-20.800059476408705,-20.731558316406336,-20.80005947640825,-19.00750502945425,-55.110649549397294,-43.12227798736831,-48.82533077286166,-51.53471802435547
LV2.217 Bus 59,0.0,-14.514347623526419,-14.514347623524145,-14.514347623526191,-13.582206085770622,-44.737117262294305,-34.94825275297808,-39.26484432941538,-39.5093069921179
LV3.204 Bus 10,0.0,-5.425569164105866,-5.409468464105316,-5.425569164105866,-5.425569164105866,-25.341562774305544,-23.12382224930542,-24.615482400055555,-23.598305114108655
LV3.203 Bus 37,0.0,-4.948442971657926,-4.948442971657073,-4.948442971657698,-4.9484429716579825,-21.79809630347222,-19.40975083347189,-20.93230743022201,-19.693756469242942
LV3.202 Bus 105,0.0,-11.108749528211774,-10.818936928211201,-10.875691895711839,-11.108749528211774,-45.11041802361103,-36.98921185361098,-41.13601520661098,-41.38496912596486
LV2.203 Bus 20,0.0,-16.120044224777757,-16.000711101128218,-16.120044224777303,-16.028585839850393,-53.73525941904472,-44.90992040355991,-49.37423331263426,-47.11339322649064
LV6.202 Bus 12,0.0,-13.538842398655333,-13.53884239865556,-13.53884239865556,-11.106729938773697,-26.88059303629052,-26.880593036290293,-26.88059303629052,-26.88216880944242
LV3.202 Bus 20,0.0,-28.033545149806514,-27.86096047821775,-28.03354514980697,-28.02916550495479,-93.96381032579006,-78.22055924375854,-86.85033265234779,-93.37839238946799
LV5.217 Bus 54,0.0,-24.684492154061445,-24.684492154061445,-24.684492154061445,-22.999076576079915,-72.65294593062185,-71.52938660562154,-72.5795584818718,-72.65357052788136
LV3.203 Bus 14,0.0,-5.255385482896713,-5.255385482896031,-5.255385482896713,-2.1511848582720177,-16.234033262249454,-14.757109029028015,-15.557336569509403,-14.795795966207834
LV3.202 Bus 43,0.0,-18.719649337062492,-18.71964933706272,-18.719649337062492,-17.223369442413514,-51.50475796557589,-41.34625832842494,-46.48895911830027,-49.44930967632695
LV2.217 Bus 102,0.0,-10.295874517659286,-10.295874517658376,-10.295874517659286,-8.617273118692765,-24.380944326152303,-20.428505858378344,-21.878560729997275,-19.273242007996032
LV3.205 Bus 39,0.0,-15.36207483068165,-15.362074830680967,-15.36207483068165,-14.471203157319678,-37.43795057621719,-31.001393400939378,-34.488446493041465,-35.9408403141299
LV2.203 Bus 85,0.0,-11.669144438005105,-11.472366217241415,-11.52485183031854,-10.368646377693494,-27.126325396226775,-23.263095746591944,-25.17337947136457,-22.38508190019138
LV6.202 Bus 51,0.0,-35.81850615937856,-35.81850615937856,-35.81850615937856,-35.40617986794041,-77.84561835105615,-77.84560414110183,-77.84561835105615,-77.77186826663092
LV2.203 Bus 93,0.0,-12.97211294042063,-12.943131680419356,-12.947478869420593,-12.919653898099114,-42.48742525431203,-36.825146660457904,-39.42817979511483,-39.27264824403733
LV3.203 Bus 113,0.0,-14.58395120193427,-14.583951201932678,-14.583951201933587,-13.02909531401042,-33.94703266054967,-28.66417283739952,-31.798203595456243,-30.738988087000735
LV6.202 Bus 8,0.0,-14.229086899005779,-14.229086899005551,-14.229086899005551,-13.042787839030325,-38.232847899641,-38.232847899640774,-38.232847899641,-38.23203641492114
LV2.203 Bus 67,0.0,-15.552249339496484,-15.32683953949379,-15.466110594495603,-15.55224933949637,-57.83598733305553,-47.05323073305408,-52.290376435304665,-53.76709347573069
LV3.204 Bus 130,0.0,-17.362301134431846,-17.07248853443184,-17.255231479431814,-16.470092493700122,-49.006995017642566,-41.19237885896882,-46.15193968845665,-47.91161867142273
LV3.204 Bus 27,0.0,-2.5115258320529392,-2.511525832052456,-2.5115258320528824,-2.5115258320529392,-13.539679224652758,-12.618169404652548,-13.105482942902682,-11.667773165710344
LV3.202 Bus 131,0.0,-9.094431774629356,-9.094431774628674,-9.094431774629356,-7.755004537940749,-16.168644700803725,-14.041257979520651,-15.110125654817693,-12.964238031590412
LV2.217 Bus 91,0.0,-34.35917434719704,-32.86296591752762,-33.77350406619644,-32.553071414779424,-88.22300873884706,-68.6630182410363,-78.00941040756834,-87.6185774922833
LV4.202 Bus 25,0.0,-12.851477876349918,-12.851477876349918,-12.851477876349918,-11.176621434013214,-33.73531448636186,-30.569481246076293,-33.18570532058402,-33.605953670644794
LV4.219 Bus 21,0.0,-11.752610474969742,-11.752610474969742,-11.752610474969742,-10.06924872810896,-25.109536678722407,-25.109536678721952,-25.109536678722407,-25.10610514223208
LV3.202 Bus 95,0.0,-12.935995610264968,-12.443314190263777,-12.605609246264976,-12.935995610264968,-53.499149523264464,-43.919494823263676,-48.78937963151418,-51.937972666500514
LV3.203 Bus 124,0.0,-5.003534772509738,-4.889366172509199,-5.000329269509791,-5.003534772509795,-23.328572946875,-21.20475257687491,-22.494671581375087,-21.517057807909055
LV4.202 Bus 1,0.0,-4.2075647071353615,-4.147845747134568,-4.196616231135181,-4.207564707135305,-20.252030965833256,-19.50547137583294,-20.14266740733308,-20.060367570142603
LV2.217 Bus 4,0.0,-17.137881018140888,-17.137938508923526,-17.137941550392497,-17.13793850892398,-46.36548785785453,-41.66064311001537,-43.55253783003991,-38.62859384517151
LV3.205 Bus 68,0.0,-14.807796876503517,-14.11208258203294,-14.572554505739049,-14.63973766462334,-57.989937663551245,-49.645314532934776,-54.32769899972402,-57.11095317118509
LV4.202 Bus 5,0.0,-10.194065671846602,-10.194065671846147,-10.194065671846602,-9.977951419059309,-8.89188162290543,-8.331111355937765,-8.73514163565551,-8.150299658569566
LV3.203 Bus 38,0.0,-6.386949405993732,-6.386949405993391,-6.386949405993732,-5.475416239946412,-8.404714228965759,-7.870583891621322,-8.15415587829898,-7.013818614478851
LV3.202 Bus 25,0.0,-10.775487042365398,-10.775487042365057,-10.775487042365398,-10.775487042365398,-45.497445526652655,-37.11568683365249,-41.275808934402676,-42.86241602863265
LV3.203 Bus 98,0.0,-9.59664521132413,-9.596645211323903,-9.59664521132413,-8.68735234451583,-18.548968641617876,-15.492635873671588,-17.118353152713098,-16.86427129188837
LV3.204 Bus 115,0.0,-5.554374764105887,-5.554374764105205,-5.55437476410583,-5.554374764105887,-24.771362374305568,-21.26544149430532,-23.830974483555565,-23.40898272192578
LV2.217 Bus 73,0.0,-5.554374764105887,-5.554374764105205,-5.554374764106171,-5.554374764105887,-25.54985739930555,-22.0348258793054,-23.824320836555614,-21.414520840686578
LV2.217 Bus 46,0.0,-14.340490385402063,-14.336105536567402,-14.340496636569242,-14.340498215736261,-54.094545408242084,-43.12752836821346,-48.02219875130322,-47.018273134883884
LV2.217 Bus 97,0.0,-37.89145692435295,-36.48451224660721,-37.29678028464605,-37.89141735850899,-110.96825485994805,-91.08043178695425,-100.08196664892057,-110.02399135711994
LV3.205 Bus 1,0.0,-11.00409497821181,-10.477602088211142,-10.888894469711772,-11.004094978211924,-44.99673137361128,-39.06586835861094,-42.5062361548612,-42.81699995659562
LV4.202 Bus 31,0.0,-10.603806367838388,-10.60380636783782,-10.603806367838615,-10.603806367838388,-44.34585401458321,-40.25045354458314,-43.60274405608334,-44.34585401458321
LV3.202 Bus 88,0.0,-13.494308490119806,-13.494308490118897,-13.494308490119579,-10.861942616401734,-45.61862230932968,-37.22016039847108,-41.0880698569141,-43.034383582384976
LV3.204 Bus 65,0.0,-14.591301486684415,-14.482017399230472,-14.570531583684442,-12.985919455106568,-33.752859896636664,-27.976973296992583,-31.091154732653422,-32.15051987755419
LV3.203 Bus 9,0.0,-4.224139258007767,-4.224139258007028,-4.22413925800754,-4.224139258007767,-19.634399942499982,-17.837502917499677,-18.911422879999805,-16.844145200891205
LV3.205 Bus 92,0.0,-4.835152591657959,-4.68497697165725,-4.736821225657707,-4.835152591657959,-23.023078733472175,-21.151454468472025,-22.188812543722122,-20.81162200181035
LV1.202 Bus 11,0.0,-4.928162467675747,-4.928162467675747,-4.928162467675747,-4.928162467675747,-22.97296839541667,-22.97296839541667,-22.97296839541667,-22.97296839541667
LV5.217 Bus 47,0.0,-19.08685146210928,-19.086851462109053,-19.08685146210928,-19.08685146210928,-69.46854238624974,-68.42432393124932,-69.40384604299948,-69.46854238624928
LV2.217 Bus 44,0.0,-28.076056763858105,-27.985536212916486,-28.076015447989903,-28.07157614411244,-88.91706868358779,-70.52442432269345,-78.77943706273891,-87.52464946946611
LV4.219 Bus 13,0.0,-12.418443959666092,-12.418443959666092,-12.418443959666092,-11.664866354709375,-19.969793280600015,-19.969793280599788,-19.969793280600243,-19.969793280599788
LV3.202 Bus 36,0.0,-4.359487783663667,-4.3594877836630985,-4.35948778366361,3.794736897385917,-17.267197862868386,-16.098127484469444,-16.65828376299754,-15.088696204214841
LV3.204 Bus 25,0.0,-8.959852441015755,-8.9598524410153,-8.959852441015755,-7.380715300109841,-17.432362687219438,-15.143730879143277,-16.582061674509987,-15.616706021572327
LV6.202 Bus 15,0.0,-26.792179141299584,-26.792179141299584,-26.792179141299584,-26.789630443664464,-83.43019511797775,-83.42853140671878,-83.43019511797775,-83.42612916517737
LV2.203 Bus 28,0.0,-18.036133501237146,-18.036187193754813,-18.03613350123669,-17.963091387189706,-53.91581165562252,-45.33247300982953,-49.07420313013063,-48.35412599919482
LV2.203 Bus 100,0.0,-12.672417774023415,-12.672417774023188,-12.672417774023302,-12.672417774023415,-46.51309059250002,-38.83116756749985,-42.235141355749874,-43.982596541755015
LV3.202 Bus 48,0.0,-6.668426820908849,-6.668523867031354,-6.668426820908849,-6.619851859606229,-21.478161781070185,-19.50815203955085,-20.555636390926338,-17.389220115189573
LV3.204 Bus 50,0.0,-30.51845325367958,-30.413359593679616,-30.51845325367958,-28.081105119569656,-84.0260762390335,-71.65510042781852,-79.21426417252269,-83.87824717296326
LV5.217 Bus 6,0.0,-23.285887828010345,-23.285887828010345,-23.285887828010345,-21.306589948221244,-64.07734889407743,-62.90331292886185,-64.00752748857758,-64.07888824550128
LV3.203 Bus 100,0.0,-18.645862393670768,-18.437933559300063,-18.581348756673606,-18.63775708658636,-60.87850390860444,-52.8895026393775,-57.42963912044115,-59.15864626382131
LV2.217 Bus 30,0.0,-19.055296266746836,-19.055296266747064,-19.055296266747064,-17.4056011957357,-51.48945836168673,-40.553467940174414,-44.92906255393655,-47.62457136716512
LV1.202 Bus 14,0.0,-23.109250892031696,-23.10925089203147,-23.109250892031696,-21.930585090641216,-69.07091471285025,-69.07091471284912,-69.07091471285003,-69.07416054736109
LV1.202 Bus 6,0.0,-8.500590782341533,-8.500590782341533,-8.500593412418311,-8.364419697645417,-22.402739959900373,-22.402825435680256,-22.402786451140855,-22.404340471731416
LV3.202 Bus 130,0.0,-13.607248089459063,-13.494772109103224,-13.530930771458998,-13.545507661309557,-46.44787229586677,-40.0021634144839,-42.78322864057418,-44.822538229784186
LV3.203 Bus 79,0.0,-15.227453146148491,-15.2274531461469,-15.227453146147809,-15.143148373638269,-48.16042233180201,-42.03180280760171,-45.623895964780104,-45.197105233607545
LV3.203 Bus 115,0.0,-12.716066761901402,-12.716066761899583,-12.71606676190072,-12.717747372915483,-42.02231162381236,-36.22601928361041,-39.65373653548886,-38.19407792526408
LV6.202 Bus 53,0.0,-23.037682487084567,-23.03769457863791,-23.03769457863791,-23.03769457863791,-70.03912859343632,-70.09372607039859,-70.03912859343609,-70.03621882536754
LV6.202 Bus 18,0.0,-10.839632378434544,-10.839533309290573,-10.8395333092908,-10.8395333092908,-30.760051112744804,-30.821488419776188,-30.759999595154113,-30.765697016127206
LV2.203 Bus 41,0.0,-10.947742528211734,-10.632168808210736,-10.866433993211785,-10.947742528211847,-41.4674710236111,-34.48562499861089,-37.55020703836112,-38.090027870711765
LV2.217 Bus 8,0.0,-10.663862095361424,-10.663862095359832,-10.663862095361196,-10.351450084292196,-35.20680211186698,-29.66803616873301,-32.296459843544426,-29.188881525571105
LV2.217 Bus 96,0.0,-8.419859604106705,-8.419859604106023,-8.419859604106932,-6.8406826966484005,-11.10633967076592,-9.314389741235573,-10.021559053117699,-7.636531849878338
LV2.203 Bus 81,0.0,-11.433366486579189,-11.433366486577597,-11.433366486578734,-10.3524809092321,-29.034579923351657,-24.714568106467595,-26.68987690648214,-24.510048710982346
LV3.202 Bus 92,0.0,-4.077141247461213,-4.076889889778158,-4.077154122234219,-4.0771412474611,-12.570572099371248,-11.848107808551049,-12.270255025440292,-10.391471116105208
LV5.217 Bus 86,0.0,-6.904877664155492,-6.904840788754768,-6.904840788754882,-6.904840788754882,-22.214849732464245,-21.98821131019497,-22.201619669464208,-22.20894710383368
LV2.203 Bus 35,0.0,-5.554374764105887,-5.554374764105262,-5.554374764106171,-5.554374764105887,-24.425982724305527,-21.824233959305445,-23.053857508305555,-21.65589629645052
LV3.202 Bus 85,0.0,-4.983283119610206,-4.983283119609581,-4.983283119610178,-3.1404678530431624,-17.028837255290256,-15.76909543333656,-16.3489126579465,-14.197003006010078
LV3.205 Bus 91,0.0,-2.5093741414993787,-2.5093741414992365,-2.509374141499336,-2.484436162961117,-12.522360443104915,-11.32065574948713,-11.898132587202298,-9.91547556664429
LV3.203 Bus 59,0.0,-19.66751103995057,-19.66748417448207,-19.66748417448298,-19.60663240909821,-60.97529058759369,-52.40874931559506,-57.24159699878737,-60.488972773890964
LV3.202 Bus 71,0.0,-2.1498986177947756,-2.1500038743862717,-2.150057306606371,-2.0762414455886784,-10.697105505698602,-9.925057387978498,-10.28114573292315,-8.690988363241019
LV3.204 Bus 60,0.0,-16.19967561268095,-16.08106692135675,-16.19967561268095,-16.198532777960963,-58.71556575930572,-50.34971082718744,-55.17707676675991,-57.210266172666934
LV5.217 Bus 75,0.0,-8.582350191139767,-8.582174938246112,-8.582314573304302,-8.580423386647112,-28.48538148834325,-28.263413519236565,-28.475145108343327,-28.485227909520063
LV6.202 Bus 47,0.0,-33.75691656541585,-33.756916565415395,-33.75692564740939,-33.75514092165031,-93.15728413022953,-93.1570600403411,-93.15729321222307,-93.15936094839526
LV6.202 Bus 24,0.0,-32.11887497867474,-32.119114290194375,-32.11887497867474,-32.11887497867474,-79.18611315887938,-79.23890092970805,-79.18611315887938,-79.18259810298377
LV3.204 Bus 59,0.0,-19.71264987070299,-19.71264987070299,-19.712649870702762,-19.71264987070299,-68.8183102716664,-57.31292022166599,-64.27110880866621,-68.80074646666594
LV5.217 Bus 22,0.0,-7.356367511318581,-7.356367511318581,-7.356367511318695,-6.139702216536307,-10.611116461907613,-10.465519037302329,-10.605960638157626,-10.582633310828214
LV5.217 Bus 26,0.0,-9.06349653853863,-9.036608421728488,-9.063490390290553,-7.922189255917829,-21.757098034185674,-21.467858406185314,-21.743472606441628,-21.73778541226102
LV3.204 Bus 127,0.0,-4.961060397952679,-4.9610119017775105,-4.9610153111621,-4.924830542245672,-13.822544703578842,-12.651811743163535,-13.322897318634887,-11.420900377322369
LV5.217 Bus 44,0.0,-10.002095391022294,-10.002095391022067,-10.002095391022067,-9.302874971885785,-30.10980531215546,-29.500059307722495,-30.074689750905236,-30.106738463194233
LV2.203 Bus 57,0.0,-8.648704243908583,-8.64870424390756,-8.648704243908469,-8.550954413526256,-26.535212740736142,-23.852236438817386,-25.198165030878386,-23.566179496000814
LV5.217 Bus 11,0.0,-14.646322982609718,-14.646322982609945,-14.646322982609718,-14.608700149743072,-47.14706271016894,-46.30294747881635,-47.09495565089969,-47.14909954790528
LV3.205 Bus 53,0.0,-4.932545850042416,-4.932551931777255,-4.9325519317777236,-4.908774932726786,-21.917381754975665,-19.41989192019109,-20.77278995399753,-18.88223604789104
LV4.232 Bus 37,0.0,-24.79563618833663,-24.79563618833663,-24.79563618833663,-24.79563618833663,-78.91001699109233,-78.90997978627843,-78.91012389717025,-78.91132259661936
LV3.205 Bus 83,0.0,-25.16482170012023,-25.16482170012023,-25.164821700120456,-23.47918087739049,-75.87689180101665,-63.84389661756859,-70.92529342651983,-75.8775432399591
LV2.203 Bus 68,0.0,-17.883364613228196,-17.883364613226377,-17.883380549065123,-17.778448393605913,-55.98497806608498,-47.13155985067692,-51.11906221573349,-49.113857641416644
LV3.205 Bus 76,0.0,-22.191315447498027,-21.938095347496983,-22.095677289497416,-21.466979206336873,-68.91997100140838,-58.03681963265353,-63.98966339974277,-68.9230504136433
LV2.203 Bus 102,0.0,-22.11160466760157,-21.56985935070611,-22.067823919083366,-22.11160466760157,-71.92533958873037,-56.37410947001672,-64.2450163591684,-69.73769629450408
LV6.202 Bus 14,0.0,-14.270868456977496,-14.270881488425857,-14.270881488425857,-14.27035637871677,-24.626913348118705,-24.624428949604862,-24.626913348118705,-24.621486145508243
LV4.202 Bus 7,0.0,-8.291310396158792,-8.194706196158336,-8.266354311158977,-8.291310396158849,-34.548092023958304,-31.251244623958257,-33.90295202845846,-34.363523023958294
LV5.217 Bus 102,0.0,-9.896885943315851,-9.896885943315851,-9.896885943315851,-9.896885943315851,-39.734151731944394,-39.1743525269444,-39.704358891944366,-39.734151731944394
LV6.202 Bus 32,0.0,-40.54236031470191,-40.542349875623586,-40.542349875623586,-40.542349875623586,-128.31973579317946,-128.38237141644458,-128.31973579317946,-128.30620712298014
LV4.232 Bus 41,0.0,-17.303278346421394,-17.303278346421394,-17.303278346421394,-16.253729631634542,-44.54684796426568,-44.54684796426545,-44.54684796426568,-44.54474694940018
LV2.203 Bus 88,0.0,-16.072524675868635,-15.288869685373356,-15.661312797868277,-14.593918279191485,-40.370814847523434,-32.601265829272734,-36.39438402592623,-36.98001355079896
LV3.202 Bus 53,0.0,-11.108749528211774,-11.108749528210183,-11.108749528211547,-11.108749528211774,-45.518367873611055,-36.55326903861055,-41.10675840211093,-42.64470389189478
LV3.203 Bus 103,0.0,-26.969392019817633,-26.819216399816014,-26.969391061572423,-26.856821726300495,-80.36056147373597,-68.87498101172264,-75.65714924444228,-80.29849200361332
LV3.202 Bus 58,0.0,-6.643909748004262,-6.6439813469608,-6.6439174949538256,-6.644018222361865,-18.935654149881884,-17.686116436840507,-18.35971819171334,-16.34107475999872
LV6.202 Bus 38,0.0,-37.40496128095947,-37.40497039053707,-37.40497039053707,-36.38939776292318,-89.6772060343751,-89.67748241756954,-89.67699422332316,-89.58339767405232
LV2.203 Bus 52,0.0,-31.60294857650615,-31.602948576506606,-31.602948576506606,-31.273416479963544,-102.34388036523387,-83.91227409001795,-93.12131433410968,-102.32566615428868
LV1.202 Bus 5,0.0,-6.371803116897581,-6.371803116897581,-6.371803116897581,-6.371803116897581,-19.666202645672,-19.666178847097285,-19.666233989971488,-19.666197844358067
LV2.217 Bus 14,0.0,-19.727825136653337,-19.72782513665379,-19.72782513665379,-19.727825136653337,-64.93796306084027,-51.66433016146243,-56.953829717408325,-60.76568544059137
LV5.217 Bus 95,0.0,-5.6691986417773705,-5.669177515833098,-5.669168559154514,-5.6691986417773705,-19.09933039199666,-18.986849032241366,-19.09577234517758,-19.099338676900516
LV3.202 Bus 119,0.0,-17.831364536371893,-17.784903648817817,-17.83136453637121,-17.68406338893419,-53.55469592775353,-45.03878126071049,-49.39872571079604,-49.633516350801074
LV2.217 Bus 94,0.0,-7.776124669748242,-7.708501729747638,-7.763244109748257,-7.776124669748242,-28.06267670402775,-24.78425347902771,-26.2412123670278,-26.21468826763669
LV2.203 Bus 32,0.0,-9.896885943315851,-9.89688594331517,-9.896885943315851,-9.896885943315851,-41.66884659194443,-34.77944333694427,-38.26133103644429,-37.53297832375006
LV2.217 Bus 77,0.0,-41.44955217233155,-40.77650046803228,-41.151485771032185,-41.44955217233155,-137.81207448928762,-115.2025072132642,-125.7326087300803,-137.800329807847
LV3.203 Bus 102,0.0,-10.063369522287644,-10.063369522286507,-10.063369522287303,-9.027724941290899,-22.327497203373127,-19.22585511447153,-21.139877753373412,-18.457444476045453
LV4.232 Bus 1,0.0,-21.207612735677003,-21.207612735677003,-21.207612735677003,-21.207612735677003,-73.47044777916653,-73.47044777916585,-73.47044777916653,-73.4704477791654
LV3.204 Bus 119,0.0,-18.88656927490979,-18.88656927490956,-18.88656927490979,-18.88656927490956,-63.98566675742086,-54.20014263992289,-59.87991111602582,-63.36155493864999
LV2.217 Bus 2,0.0,-7.040232096679631,-7.040232096678324,-7.040232096679404,-7.040232096679574,-31.154354204166566,-26.62576279416578,-28.607368465666127,-27.56620050734682
LV4.219 Bus 16,0.0,-18.414622840761922,-18.414622840761922,-18.414622840761922,-16.731261093900912,-48.59017001576535,-48.5901755311063,-48.59017001576535,-48.58675145522284
LV3.205 Bus 43,0.0,-8.362660658942218,-8.362660658941422,-8.362660658941763,-7.072652564514442,-14.629679655884502,-13.21038734775766,-13.998445771616389,-12.09453435472824
LV3.204 Bus 45,0.0,-24.517055490269968,-24.5191037096954,-24.519103709696537,-24.459200986288806,-76.70304634566651,-64.5989499914183,-71.80748438961359,-76.51449489646234
LV5.217 Bus 30,0.0,-8.104330730516267,-8.104693362826083,-8.104593540287624,-8.047835430329314,-22.488093621322605,-22.39983013355095,-22.4837597452929,-22.489012388074116
LV3.202 Bus 28,0.0,-17.673010613064207,-17.673010613061706,-17.673010613063525,-17.673010613064207,-65.15501594097213,-52.50502498597098,-59.05995616072164,-63.98489793905537
LV3.203 Bus 13,0.0,-4.669001732362972,-4.669001732362631,-4.669001732362972,-3.518134698912718,-3.0609782822319858,-2.4660729906617007,-2.782081821997963,-1.930205130753734
LV3.202 Bus 49,0.0,-25.23201377987175,-24.74870003987212,-25.232013779871977,-25.23201377987175,-86.2347724631943,-72.3245221231939,-79.77684285919418,-86.1517412261037
LV3.205 Bus 100,0.0,-15.973277419576789,-15.973277419575425,-15.973277419576334,-14.917296594116124,-44.80307264578414,-37.02988560832273,-41.57444204934063,-42.24576406842357
LV5.217 Bus 9,0.0,-25.780081815451922,-25.780081815451467,-25.780081815451922,-25.650316432512227,-83.245203155534,-82.11524048479214,-83.17182683328383,-83.24600861658064
LV2.203 Bus 95,0.0,-23.126333136170842,-22.9550316110699,-23.079172722170597,-21.305424691073313,-54.35901609749658,-43.47970222478057,-48.26481247151014,-51.97133024593927
LV3.203 Bus 43,0.0,-6.929410881771446,-6.929410881770536,-6.929410881771105,-6.7430817228487285,-22.74197148110852,-20.78749283368279,-21.898353670760798,-19.739090365905668
LV3.205 Bus 122,0.0,-4.948442971657926,-4.898091691657157,-4.9187005876577246,-4.948442971657926,-23.56018166347218,-21.455235883472028,-22.70194167422204,-21.55334943071938
LV3.202 Bus 76,0.0,-16.66312429231766,-16.663124292317548,-16.663124292317775,-16.66312429231766,-64.07692172291661,-52.110442967916356,-58.44422338241657,-61.14359732303319
LV2.203 Bus 8,0.0,-18.588431345503068,-18.428585303987347,-18.588470142276037,-18.58848364786354,-59.02267654643265,-48.31669704048227,-53.54450984750724,-54.727630212477834
LV3.204 Bus 109,0.0,-19.103789447741065,-19.097205048419255,-19.103789447741065,-19.103789447740837,-59.79198877958447,-50.583835718423416,-55.63844486819062,-59.258315291292774
LV4.219 Bus 20,0.0,-14.54189755995867,-14.54189755995867,-14.54189755995867,-14.54189755995867,-49.34752246413359,-49.34288972027548,-49.34752246413359,-49.34288972027525
LV6.202 Bus 33,0.0,-18.725568319775448,-18.725568319775903,-18.725568319775448,-18.725568319775448,-54.22368622532895,-54.227486601751025,-54.22368622532895,-54.21769402849213
LV2.203 Bus 5,0.0,-16.970797852074384,-16.513377869255464,-16.97079785207393,-16.073341690046846,-51.154311262432884,-40.40889260281824,-45.72506822915898,-46.62462925809223
LV3.202 Bus 14,0.0,-33.99340632034318,-33.234213098532564,-33.767823702910846,-28.832009763227234,-115.29610003529342,-96.13944627874298,-106.94510999018212,-115.2962339669175
LV2.217 Bus 5,0.0,-10.399759604882092,-9.830570959786883,-9.892558654787763,-10.367575108791243,-34.82731237856797,-28.97590597366934,-30.864913774741808,-31.790333356930432
LV3.204 Bus 102,0.0,-9.805966835577124,-9.680381375576417,-9.717090971577022,-9.805966835577124,-44.36543363826377,-37.766477253263474,-41.70458206551359,-42.5218948933566
LV6.202 Bus 16,0.0,-12.582982129801849,-12.582982129801849,-12.582982129801849,-11.108161668554885,-39.67687734465335,-39.676877344653235,-39.67687734465335,-39.67614730239279
LV3.204 Bus 68,0.0,-12.907874266085628,-12.907874266085173,-12.9078742660854,-11.297195702956515,-33.474200163320575,-27.36140440593067,-31.13518703635077,-31.7796835503666
LV3.203 Bus 47,0.0,-21.56854953353468,-21.56854953353286,-21.56854953353377,-21.56854953353468,-62.14728421548352,-51.15581996411174,-57.63796974991283,-62.13109514693406
LV3.204 Bus 124,0.0,-13.037605359838153,-12.776905948248668,-12.911510754318442,-13.008675664009843,-46.596651266138,-40.33322007085508,-43.89983912721891,-44.46939017723571
LV4.232 Bus 21,0.0,-2.038506345304711,-2.0385152676748532,-2.0385108854688383,-1.996079058205396,-9.615968097890345,-9.61597474369384,-9.61596355772619,-9.618145009239583
LV5.217 Bus 68,0.0,-7.862134024858051,-7.86207123648137,-7.862017543962111,-7.838759114657364,-19.11302516118178,-18.970504269971684,-19.10792302995094,-19.11511569143738
LV3.203 Bus 91,0.0,-28.142333558487735,-28.10503848248686,-28.142333558487508,-28.142333558487735,-90.55936919419423,-76.50621461019273,-84.70929462469394,-90.55936919419264
LV3.204 Bus 8,0.0,-10.912710825894237,-10.854748305893509,-10.868755914893882,-9.526909241791373,-17.0874708065885,-14.673379283522081,-16.150816329835152,-14.217435880685798
LV3.202 Bus 103,0.0,-11.88291448435541,-11.694389924353686,-11.804343068354683,-11.882914484355183,-48.29358738458325,-39.19709886458236,-43.80328615833264,-45.06848693448444
LV4.219 Bus 17,0.0,-10.443252599402854,-10.44325259940274,-10.443252599402854,-10.443252599402967,-33.84064619374317,-33.84060989066097,-33.84064619374317,-33.84063356524234
LV2.203 Bus 6,0.0,-18.871041803828575,-18.63694446089903,-18.782165939828474,-16.70277147644242,-46.61000866566519,-37.812173466204285,-42.06133247064963,-43.49538439150638
LV3.203 Bus 131,0.0,-23.23300179490593,-23.085168094904475,-23.233001794905476,-19.893614925009388,-62.49282302012625,-52.85358227054667,-58.45782172799818,-61.818539216685394
LV3.203 Bus 120,0.0,-9.216338722292676,-9.216338722291539,-9.216338722292221,-9.214035657415025,-31.105300435558547,-27.99742251572036,-29.98873989282015,-28.051073115938607
LV4.202 Bus 6,0.0,-4.053461043351376,-4.053570448867049,-4.053504468808683,-4.051166847072977,-17.01893812928347,-16.490046934357338,-16.903107537586777,-16.59916257060729
LV6.202 Bus 13,0.0,-10.652816396684102,-10.652816396684102,-10.652816396684102,-10.418282617276873,5.752971612433612,5.752971612433612,5.752971612433612,5.752971612434067
LV2.203 Bus 49,0.0,-4.224139258007767,-4.224139258007028,-4.224139258007824,-4.224139258007767,-20.25278582249996,-18.686654192499674,-19.51429309374987,-17.840909650399254
LV4.202 Bus 22,0.0,-10.997669073594352,-10.997669073593443,-10.997669073593897,-9.398283651255952,-25.105547108198152,-22.700374236857215,-24.802108067690142,-24.698839864269303
LV3.205 Bus 33,0.0,-18.279438518298548,-18.267510297576337,-18.279438518298775,-18.24944212069954,-61.55271367875412,-51.979172627141,-57.57818886275368,-59.304264919960815
LV3.205 Bus 72,0.0,-8.681106710799895,-8.681106710799213,-8.681106710799668,-7.837688039437694,-18.250181307930347,-16.067610909955306,-17.344763757371197,-15.533347827892726
LV2.217 Bus 83,0.0,-20.85450880659414,-19.906106067465544,-20.230857186465755,-19.612537056994142,-58.19678720895786,-45.80921094210885,-50.78840751452503,-56.10214897288165
LV5.217 Bus 31,0.0,-22.256849528741895,-22.256849528741668,-22.256849528741895,-20.999544366696227,-59.05797688231246,-57.89856234859462,-58.98601787981238,-59.056827504866305
LV6.202 Bus 42,0.0,-14.85413237213038,-14.854132372130607,-14.85401649962455,-14.85413237213038,-49.17777177167136,-49.17810508479192,-49.177845111771376,-49.17349356579484
LV4.232 Bus 43,0.0,-7.416663553995022,-7.416663553995022,-7.416663553995022,-6.598210845568474,-9.749055338643757,-9.74905533864353,-9.749055338643757,-9.748010483692042
LV2.217 Bus 69,0.0,-19.017463700576627,-18.901511619915254,-18.915784705388432,-18.834269647034944,-58.45157816836718,-48.19467781032381,-52.129620564748166,-54.82675408095611
LV3.204 Bus 135,0.0,-11.108749528211774,-10.986384208211234,-11.091360772211715,-11.108749528211774,-41.514791373611274,-36.03750994861093,-38.837790162111105,-39.983195923611106
LV3.202 Bus 118,0.0,-6.362283820703055,-6.362283820701748,-6.362283820702771,-6.362283820703055,-29.575777008749924,-25.850486173749402,-27.785999396749617,-26.64399740955804
LV3.204 Bus 57,0.0,-5.655363396180519,-5.655363396179212,-5.655363396180064,-5.655363396180519,-25.113951061111038,-21.58284502111053,-23.931482184360675,-23.151005420642605
LV3.203 Bus 132,0.0,-24.096919002668756,-24.096949085291953,-24.096919002668983,-24.085465533271645,-76.27701636021447,-64.67554722894079,-71.32637893878223,-76.27653012482847
LV3.203 Bus 74,0.0,-2.7771873820529436,-2.777187382052489,-2.777187382052915,-2.777187382052915,-12.936982899652776,-11.830962984652587,-12.41752490290267,-11.058567508012402
LV4.219 Bus 24,0.0,-7.776124669748242,-7.776124669748242,-7.776124669748242,-7.776124669748242,-35.348066739027786,-35.348066739027786,-35.348066739027786,-35.348066739027786
LV3.205 Bus 102,0.0,-11.124824458247076,-11.12482445824594,-11.124824458246621,-8.053802598351012,-19.917097638384348,-16.554089670131816,-18.350719194933845,-16.93298274587005
LV3.204 Bus 43,0.0,-8.744135719056885,-8.744135719055748,-8.74413571905643,-7.540904173228682,-23.691348532036045,-20.1262451573798,-22.449947372951556,-21.8889905131432
LV3.205 Bus 127,0.0,-6.556013687251266,-6.5560277956780055,-6.556016860921318,-6.530183630159627,-26.954606086140643,-24.13287149019982,-25.737716509365214,-23.669083569232953
LV5.217 Bus 3,0.0,-7.594345132013814,-7.594345132013871,-7.594345132013814,-7.594345132013814,-28.217880341777743,-27.80490654977774,-28.201877816777767,-28.217880341777743
LV2.217 Bus 85,0.0,-36.353923766732805,-36.35392376673326,-36.35392376673326,-36.08562419701366,-122.32331252908762,-102.0888886867856,-111.44869607196279,-122.11262676604883
LV5.217 Bus 28,0.0,-11.108749528211774,-11.108749528211774,-11.108749528211774,-11.108749528211774,-44.417989748611035,-43.70113553361114,-44.37045766786105,-44.417989748611035
LV3.202 Bus 45,0.0,-8.364038649843565,-8.265437177564422,-8.301251199478656,-8.34992967614221,-26.966057862628304,-24.798263113910025,-25.695474161695756,-23.38154411011851
LV3.204 Bus 94,0.0,-13.28322369213447,-13.10751014303105,-13.207872416134478,-13.283184895361728,-42.069164323083214,-36.308032973456875,-39.348326088335625,-40.237610431588564
LV4.202 Bus 21,0.0,-14.305633649239098,-14.305633649238871,-14.305633649238871,-13.497723662784892,-43.81090360225676,-39.7036989389851,-43.01198845546355,-43.478071033049446
LV3.205 Bus 15,0.0,-8.33156214615883,-8.331562146157637,-8.331562146158717,-8.331562146158944,-36.37074362395833,-31.187332698958187,-33.945552778958245,-34.908894891073714
LV3.202 Bus 9,0.0,-10.593527128211804,-9.901197028210959,-10.211216006711766,-10.593527128211804,-45.995596548611275,-38.312938103610804,-42.30646344711113,-42.52011865411998
LV2.217 Bus 18,0.0,-13.461939184937364,-13.247607138867806,-13.312685695937034,-11.981046621726819,-42.93222880065332,-34.65498800946443,-38.31577635219219,-36.668137681591816
LV3.203 Bus 49,0.0,-16.95706198277344,-16.645552988815098,-16.957084761999567,-16.95570178875346,-56.476024556834545,-48.06486860164091,-52.74492992987848,-55.97898195779999
LV3.203 Bus 20,0.0,-13.850748382903703,-13.850717175290583,-13.850717175291038,-13.725304174077792,-43.32863619354498,-37.42505513911033,-40.663783361524565,-40.4792956740755
LV5.217 Bus 34,0.0,-9.243953536245272,-9.243953536245272,-9.243953536245272,-8.023754866782383,-16.315057554131727,-16.13674760193362,-16.309901730381625,-16.311218694894478
LV3.204 Bus 22,0.0,-4.680271486931588,-4.68027148693136,-4.6802714869317015,-3.5344125755316327,-5.55880047849007,-4.989122481954496,-5.219465672303841,-4.2485408703230405
LV4.232 Bus 44,0.0,-19.6679348376083,-19.6679348376083,-19.6679348376083,-19.562720388563548,-64.06520391431059,-64.06472107064292,-64.06520391431059,-64.06472107064292
LV6.202 Bus 50,0.0,-28.39801183933514,-28.39801183933514,-28.39801183933514,-28.39603070619205,-73.33363992306658,-73.33363992306613,-73.33363992306658,-73.33366766414429
LV3.203 Bus 109,0.0,-5.6280483677481925,-5.628048367747738,-5.6280483677481925,-5.628048367748306,-20.413043133148676,-19.08000113283299,-19.852041035384673,-18.162677412119706
LV2.203 Bus 56,0.0,-5.270492973730647,-5.27050083256983,-5.270513919481843,-5.173102952022376,-21.160221179211987,-18.39624168995058,-19.62902297923518,-18.13668204189038
LV3.202 Bus 52,0.0,-13.051451612582696,-13.051451612581332,-13.051451612582468,-11.447393735581045,-20.996895435648185,-17.413750782237912,-19.085380009286837,-16.344823355305607
LV4.202 Bus 18,0.0,-8.11232241769801,-8.112352938528375,-8.112338020886568,-8.02910849581599,-23.7534587215672,-22.34007734483498,-23.574344804674297,-23.196196899455458
LV3.203 Bus 26,0.0,-13.451218010264824,-13.132424150264114,-13.336742033264954,-13.451218010264824,-46.61161694826444,-39.41249655826368,-43.30591350876432,-45.98560331552528
LV4.202 Bus 24,0.0,-4.948442971657926,-4.948442971657187,-4.948442971657926,-4.948442971657926,-22.267710168472206,-20.77677166347206,-22.06684346397219,-21.982489505294097
LV3.204 Bus 51,0.0,-7.794560073923321,-7.794560073922867,-7.794560073923094,-4.570308768981022,-10.450692389967571,-9.452179365769098,-9.926436915719023,-9.232209468744031
LV3.202 Bus 7,0.0,-17.817708285177787,-17.002119091184568,-17.625618698685003,-16.485318031109955,-50.80644183702702,-40.33644088712754,-45.890589979465176,-48.95682990636328
LV3.202 Bus 120,0.0,-15.198789127235159,-15.198789127235386,-15.198789127235273,-15.198789127235159,-57.780015641735986,-47.17678839173607,-52.679976711736,-55.1592737011938
LV4.232 Bus 40,0.0,-13.468579744937415,-13.466531525510163,-13.468579744937415,-13.44009995200122,-42.627992155815036,-42.62571446368679,-42.627992155815036,-42.62956299542839
LV2.203 Bus 9,0.0,-9.189965518793315,-9.189965518791269,-9.189965518792974,-9.189965518793315,-38.22602061930547,-31.337490229304763,-34.57676206755514,-33.575451914512996
LV3.205 Bus 17,0.0,-25.87121101203411,-25.86477073203332,-25.87121101203411,-25.871096564323125,-37.02070841641944,-34.09040423031183,-35.90153817542068,-35.17713830035609
LV3.204 Bus 105,0.0,-10.560348145019475,-10.560348145018224,-10.560348145019361,-10.560348145019475,-43.071884143750026,-35.578530898749705,-40.0290874934999,-41.77880712306501
LV5.217 Bus 110,0.0,-6.282227132516027,-6.282051879622486,-6.282227132516027,-6.273940408425233,-18.33731547830041,-18.262632871631922,-18.33215965455031,-18.337091186877046
LV3.202 Bus 4,0.0,-7.339664818697884,-7.339654521756529,-7.339654521756756,-7.281765958161827,-21.887534556906985,-19.626778735064818,-20.64498533634037,-18.540916631715618
LV3.202 Bus 68,0.0,-14.75183323856254,-14.75179636316011,-14.751796363161475,-14.75363677782616,-49.53187269977184,-41.199150133302055,-45.76578972209791,-43.54145312620676
LV5.217 Bus 92,0.0,-12.501595894597813,-12.501595894597813,-12.501595894597813,-12.221602358492191,-39.703219076312166,-39.24197019525013,-39.684150665062134,-39.704334624928265
LV6.202 Bus 41,0.0,-32.28739504207533,-32.28730681191746,-32.28730681191746,-32.28730681191746,-91.41297341810423,-91.41731168658407,-91.4129868160253,-91.40441434163768
LV3.205 Bus 28,0.0,-6.93852819286667,-6.938528192866443,-6.93852819286667,-6.617887282117522,-15.68578844360809,-15.111053719733945,-15.405782864354023,-13.732196019683784
LV4.202 Bus 10,0.0,-26.82751990973611,-26.69139580973615,-26.82751990973634,-26.82751990973611,-101.17451661552082,-93.91217271552068,-99.75430855702075,-101.15110753052068
LV3.204 Bus 40,0.0,-10.603806367838388,-10.18753008783824,-10.449459202838398,-10.603806367838388,-41.932001489583286,-35.39697130958325,-38.89771095933327,-41.41458126201303
LV5.217 Bus 88,0.0,-13.418645243042647,-13.418645243042647,-13.418645243042647,-12.160155787523308,-31.704259228164574,-31.182698757676235,-31.672052264914555,-31.70425922816412
LV3.205 Bus 48,0.0,-4.728577483208255,-4.728571334959838,-4.7285713349600655,-3.543978575740425,-1.6859019168575742,-1.3032664756158283,-1.501461545607981,-0.9836848707869876
LV2.203 Bus 91,0.0,-16.966090188541557,-16.58757736854045,-16.96609018854133,-16.966090188541557,-63.29065237833322,-50.15209561833262,-56.54324197608298,-59.898659904133865
LV5.217 Bus 91,0.0,-7.98215705564121,-7.98215705564121,-7.982157055640982,-6.7203316817046925,-11.258660162611704,-10.93735996277951,-11.24721001236162,-11.258810888760308
LV5.217 Bus 80,0.0,-7.139896287677914,-7.139896287677914,-7.139896287677971,-7.139896287677914,-31.37069265565276,-31.013977184652788,-31.354104025902757,-31.37069265565276
LV3.205 Bus 56,0.0,-24.51869389570811,-24.518693895708566,-24.51869389570834,-22.575729977543006,-60.765533489151494,-50.799537336159574,-56.52045795503159,-60.00638584833564
LV3.205 Bus 51,0.0,-5.554374764105887,-5.51895322410536,-5.548498008605861,-5.554374764105887,-24.641051424305545,-21.841597844305397,-23.595398007805557,-22.660953801133076
LV3.203 Bus 45,0.0,-21.438376224336935,-21.438508152748,-21.438508152748,-21.438376224336935,-66.65030121371046,-57.345130572774906,-62.64306856897906,-65.57952267129394
LV3.204 Bus 17,0.0,-27.9245894307478,-27.914884540766252,-27.9245894307478,-27.92458943074689,-42.821595525356315,-37.433350429950224,-40.401652868860765,-42.084511727984136
LV2.217 Bus 99,0.0,-7.574829246158799,-7.354249656158402,-7.398607084658806,-7.574829246158799,-36.75077904895829,-30.063903083958223,-33.50570521695829,-32.231188052880555
LV3.202 Bus 13,0.0,-8.949259297954313,-8.949472978303675,-8.949564609773915,-8.94236531291699,-25.32156391727085,-24.100741377877284,-24.616930044658147,-21.80112962790986
LV6.202 Bus 31,0.0,-9.152301725683515,-9.152301725683515,-9.152301725683515,-9.152301725683515,-40.19294223291661,-40.19294223291661,-40.19294223291661,-40.19294223291661
LV5.217 Bus 67,0.0,-23.357258369323972,-23.3572583693242,-23.357258369323972,-23.26961958934703,-67.47936463190513,-66.33788569190483,-67.40579654115504,-67.47936463190445
LV3.203 Bus 75,0.0,-9.836794228211716,-9.395635048211602,-9.800084632211792,-9.836794228211716,-46.16102142361103,-40.65066811361089,-43.8782684318611,-44.911424275720606
LV3.202 Bus 47,0.0,-10.250346155577176,-10.250346155576835,-10.250346155577063,-10.250346155577063,-43.334315893263806,-36.00248789326372,-40.00482509751373,-38.63688574892569
LV3.203 Bus 99,0.0,-16.966838665337036,-16.8299878012474,-16.966838665337036,-15.601320730350153,-44.25633301912535,-36.54384970185629,-40.81888587517551,-43.69550648079644
LV3.204 Bus 131,0.0,-8.33999220021758,-8.339992200217125,-8.339992200217466,-6.804467255247914,-15.64747068380575,-13.537475444594861,-14.871144417637083,-14.127052965656958
LV5.217 Bus 46,0.0,-11.79211215780333,-11.792112157803103,-11.792112157803103,-11.789809092925452,-40.75597547725465,-40.03026292983054,-40.72125261600445,-40.756126063693046
LV3.205 Bus 44,0.0,-19.5842527303314,-19.584252730331627,-19.584252730331627,-18.914790392685745,-59.54104773804579,-49.79995038352149,-55.34240006012283,-59.45580309658385
LV3.205 Bus 109,0.0,-17.27767136138482,-17.166483818781217,-17.27772501878121,-17.27772501878121,-51.141544182792586,-43.532807650970426,-47.402942475679765,-50.696059121101825
LV3.202 Bus 127,0.0,-3.888062334874121,-3.8880623348735526,-3.888062334874178,-3.888062334874121,-18.146464559513873,-16.319650339513714,-17.27874384026387,-15.409741848276042
LV5.217 Bus 111,0.0,-17.147869726275985,-17.147869726275985,-17.147869726275985,-17.147869726275985,-61.89230024658332,-60.83821776258333,-61.82406534908341,-61.89230024658332
LV3.202 Bus 38,0.0,-25.76486273693331,-25.681103475246573,-25.764862736933082,-25.758912709471815,-97.88201931068556,-82.94201852273613,-91.10823494878196,-97.36654797736196
LV3.205 Bus 96,0.0,-9.644208553183148,-9.644208553182352,-9.644208553183034,-8.109870468557233,-24.080598325034316,-21.39326601191624,-23.07830589165792,-22.08395893020804
LV3.204 Bus 72,0.0,-17.377818499257728,-17.33268945682039,-17.3778184992575,-16.133606397483163,-48.777124731539516,-39.92101065740667,-44.8425842831723,-48.19494808788363
LV4.232 Bus 10,0.0,-10.514782000153218,-10.514842830570387,-10.514842830570387,-10.490573988969345,-40.044234962937594,-40.044208946781055,-40.04423496293771,-40.04720402617306
LV5.217 Bus 103,0.0,-6.489686259547284,-6.48968625954717,-6.489686259547284,-5.781986758606422,-15.875688183905254,-15.623941674741673,-15.864049864905155,-15.87262133494437
LV3.205 Bus 49,0.0,-12.724567641406225,-12.724567641406225,-12.724567641406338,-12.724567641406225,-48.44710596250002,-40.28025734249991,-44.64179208999985,-48.16894405749997
LV5.217 Bus 71,0.0,-28.47174580944784,-28.47174580944784,-28.47174580944784,-28.44777618010039,-89.89661789456159,-88.57152654962692,-89.81126913106118,-89.89671214501186
LV2.217 Bus 101,0.0,-36.70000739756142,-36.49005225010251,-36.63823925756196,-34.87087683161553,-114.74153042084845,-94.12334759291525,-103.70526977537475,-114.73970383130836
LV5.217 Bus 85,0.0,-2.7771873820529436,-2.7771873820528015,-2.777187382052915,-2.7771873820529436,-13.869089074652777,-13.782518359652727,-13.862531311902728,-13.85744572336236
LV4.219 Bus 11,0.0,-14.938660853527153,-14.938644917689999,-14.938644917689999,-14.930472541479048,-52.00154220805007,-52.00148851553058,-52.00148851553104,-52.00358127491836
LV4.232 Bus 3,0.0,-12.552648058657269,-12.552648058657269,-12.552648058657269,-12.477785431510483,-42.59610245545264,-42.59554615484967,-42.59610245545264,-42.5955465674798
LV3.203 Bus 48,0.0,-5.655363396180519,-5.655363396179212,-5.655363396180121,-5.655363396180519,-25.76862361111108,-23.115767916110656,-24.659454301610708,-23.920549080939224
LV3.203 Bus 123,0.0,-10.051418478145479,-10.051418478144114,-10.051418478145024,-9.151411540545269,-27.425403776082476,-23.45354259318924,-25.822281562350668,-23.601152193748476
LV4.202 Bus 34,0.0,-8.769743369732964,-8.749527472144678,-8.769812482989778,-8.765663601985807,-30.167247956562846,-28.61560459726286,-29.94716505404199,-29.761576228100807
LV4.219 Bus 9,0.0,-12.021344335126287,-12.021099968975932,-12.021275221869473,-12.021275221869473,-42.6651869964669,-42.66425615133312,-42.6651869964669,-42.66513455411268
LV4.202 Bus 11,0.0,-18.405054834441216,-18.405118741936576,-18.405054834441216,-18.405054834441444,-67.83382280662067,-62.174406869834,-66.6955050481738,-67.83392564524479
LV5.217 Bus 69,0.0,-15.210353721805632,-15.18616861598116,-15.209951204305753,-15.210353721805632,-51.315638246873505,-50.46336542732138,-51.259528894396,-51.3171439686505
LV3.202 Bus 6,0.0,-7.744255306347611,-7.744255306345735,-7.7442553063471,-7.744255306347611,-31.81066622708329,-27.274189282082432,-29.581805419832733,-27.057422450445983
LV2.203 Bus 63,0.0,-17.852017102294894,-16.95403715229395,-17.591075984794315,-17.85201710229444,-60.44666594895807,-48.68513434895772,-54.308048806957686,-58.134277848228066
LV3.203 Bus 51,0.0,-9.890005482054448,-9.832038520689593,-9.847495192690303,-9.861846405178085,-33.62580455795364,-29.44469499564616,-31.825806295765233,-31.39712605430509
LV6.202 Bus 46,0.0,-11.737164771182051,-11.737164771182051,-11.737164771181597,-11.442364692997216,-14.067554306205693,-14.067554306205693,-14.067554306205693,-14.068744520634027
LV4.202 Bus 30,0.0,-9.403454934457159,-9.403454934456477,-9.403454934457159,-8.003266523721322,-17.431661481803076,-16.125054380517895,-17.235421374148018,-16.953456423770376
LV3.202 Bus 104,0.0,-5.561622309337395,-5.522980629337212,-5.533607091337558,-5.561622309337508,-21.02466571946502,-18.464230709672734,-20.00302772569262,-17.63887921260232
LV4.232 Bus 24,0.0,-5.836369167582973,-5.836369167582973,-5.836369167582973,2.4711129032503436,-17.065906581599904,-17.065833903529494,-17.065906581599847,-16.99232156680506
LV2.203 Bus 94,0.0,-14.978071204733396,-14.636844847982957,-14.851262943709344,-14.978110001506138,-52.25489150293879,-43.23416229332088,-47.52402101118105,-47.23860598089141
LV4.202 Bus 29,0.0,-5.546324414105868,-5.5414942041053905,-5.543989812606071,-5.546324414105925,-22.910226174305535,-21.336094769305532,-22.625472532055653,-22.58054443703378
LV3.204 Bus 52,0.0,-12.37996433276362,-12.257599012763194,-12.379964332763734,-12.37996433276362,-47.2244262072918,-40.55772193229143,-44.89697806504182,-46.611388782291556
LV5.217 Bus 49,0.0,-4.241522547135389,-4.2415225471352755,-4.241522547135332,-4.241522547135389,-19.334245845833294,-19.219597675833285,-19.33037905983329,-19.318790125833317
LV6.202 Bus 43,0.0,-11.812013366807832,-11.812013366807832,-11.812013366807832,-11.810634797624516,-41.920668356283386,-41.9206272176807,-41.920668356283386,-41.92174862256479
LV5.217 Bus 107,0.0,-13.765181660264716,-13.765181660264716,-13.765181660264716,-13.765181660264716,-49.85410812326381,-49.08516225326389,-49.801188525763905,-49.85410812326381
LV3.202 Bus 10,0.0,-27.216436344118847,-27.100511304117617,-27.216436344118847,-27.216436344118847,-82.44255760659735,-67.6298154315964,-75.43931957634732,-82.41565765659607
LV4.202 Bus 15,0.0,-14.39164774619394,-14.391694526639867,-14.391723913757005,-14.391659152461216,-39.58458302191366,-37.43225584991069,-39.20848844154557,-39.58833675580013
LV2.203 Bus 75,0.0,-4.100138462230888,-4.100138462230177,-4.100138462230916,-4.100138462230888,-18.713005377305535,-16.67016819630527,-17.657651527055464,-16.03419045168522
LV4.219 Bus 31,0.0,-6.8718055688912045,-6.871874954036912,-6.871874954037025,-6.845736093242067,-19.775410258799866,-19.775445701742456,-19.775410258799752,-19.775542698424488
LV3.203 Bus 34,0.0,-14.214206290975198,-13.906538140140356,-14.117560909872282,-14.212231513651659,-53.23249325117513,-46.74881346561233,-50.23352647286947,-50.54302832542703
LV3.202 Bus 31,0.0,-17.342945748727516,-16.529410680167302,-17.180469740406807,-16.961660790284895,-55.15605998609749,-44.598900484014166,-50.254517758557995,-52.36605346411034
LV3.204 Bus 107,0.0,-8.341426817366255,-8.225501777364912,-8.291836661365721,-8.341426817366198,-37.18645805913883,-32.66559427113833,-35.43914497238842,-34.007666989138386
LV3.205 Bus 71,0.0,-32.92601724280985,-32.92601724280985,-32.926070935329335,-32.72100546918273,-107.51322259142717,-93.78630692271781,-102.00882167882037,-107.50873328441821
MV2.101 Bus 98,0.0,-5.652435996180486,-5.652435996180486,-5.652435996180486,-5.652435996180486,-23.978499471111036,-23.978499471110865,-23.978499471111036,-23.97849947111075
LV3.203 Bus 18,0.0,-8.33156214615883,-8.212416966157662,-8.27070150015868,-8.33156214615883,-35.14722132395832,-30.65739713895806,-32.98524256270832,-31.885657897059843
LV4.232 Bus 38,0.0,-23.518251940102346,-23.518251940102346,-23.518251940102346,-23.518251940102346,-27.910397079725954,-27.91036910457842,-27.910397079725954,-27.91066086425417
LV5.217 Bus 94,0.0,-27.112147431727863,-27.112147431727863,-27.112147431727863,-26.002879810183003,-78.28725366174785,-76.98563880174697,-78.20639804074744,-78.28228304532422
LV2.217 Bus 27,0.0,-8.33156214615883,-8.255888856158265,-8.331562146158717,-8.331562146158888,-31.952868623958295,-26.909219628958226,-28.670444113208305,-28.60814407114492
LV3.202 Bus 5,0.0,-10.657929928211729,-9.901197028211186,-10.479453668711699,-10.657929928211729,-43.092725423611114,-35.71048902361099,-39.84019585486112,-39.21188594514763
LV3.202 Bus 72,0.0,-8.374412194344018,-8.374412194343563,-8.374412194343904,-6.722850256100628,-17.883566708206672,-15.551970327204799,-16.956085571677363,-14.897212752358428
LV3.203 Bus 68,0.0,-15.488510612695222,-15.462749492695593,-15.488510612695336,-15.488510612695222,-56.913276869166566,-47.61491317916648,-52.814486327166605,-56.44568012627394
LV5.217 Bus 13,0.0,-9.896885943315851,-9.896885943315851,-9.896885943315851,-9.896885943315851,-42.454475666944404,-41.88954637194445,-42.4264941556944,-42.454475666944404
LV3.202 Bus 135,0.0,-8.049799896158788,-7.922604366158339,-7.944742828658775,-8.049799896158845,-31.827237348958306,-27.9007674939582,-29.76191351145826,-30.644531697099467
LV3.204 Bus 110,0.0,-5.693522909951525,-5.665419869951052,-5.688121856951511,-4.946878493235431,-7.837997976329575,-6.538837254055579,-7.296582949097456,-5.510031407130441
LV3.205 Bus 59,0.0,-25.717697236753338,-25.717697236753793,-25.717697236753793,-25.717697236753338,-95.13742798194448,-81.6983277969448,-89.51776189669476,-95.13742798194448
LV3.205 Bus 79,0.0,-7.144483284383682,-7.144483284382659,-7.144483284383341,-7.012303227156053,-23.01068174968202,-19.16792212873088,-21.09356184728017,-20.325366448755403
LV2.203 Bus 27,0.0,-16.173854902141784,-15.9888055594256,-16.092948884641146,-14.636195933194585,-38.474390171978484,-31.213375052005176,-34.46711281875514,-33.33580049596003
LV3.202 Bus 18,0.0,-4.867063650308921,-4.867200159724888,-4.8671614329769,-4.751727351157655,-19.140262199359455,-17.24870321760534,-18.059638268527095,-15.728717693738474
LV3.205 Bus 75,0.0,-11.229339600859248,-11.140426293957262,-11.22933960085902,-10.182747061955524,-28.436274463728296,-23.904017835274317,-26.56792253581989,-25.054097224437555
LV3.204 Bus 31,0.0,-22.91582241253991,-22.915822412540138,-22.91587610505917,-22.91582241253991,-63.135357181930885,-54.185186741382495,-59.32790075431035,-62.81776378883956
LV3.204 Bus 29,0.0,-5.404157586305189,-5.3697606363046475,-5.380226091305133,-3.769820347881989,-15.137334945080113,-13.863845590424319,-14.639813851983206,-14.29537727726273
LV2.217 Bus 61,0.0,-15.730566389552337,-14.951081445268983,-15.350620315770584,-11.680502100275021,-59.020503439131176,-47.576628630305436,-52.39997974060702,-53.096569174429874
LV3.202 Bus 113,0.0,-12.65285017771339,-12.59201020309979,-12.65285017771339,-11.529041085476365,-33.28492405470797,-26.576656863838934,-29.71541084036062,-30.416040090814477
LV3.204 Bus 64,0.0,-19.437372231556083,-19.43737223155449,-19.4373722315554,-17.64515739350395,-46.77284245747069,-39.026685612413075,-43.26677265238095,-45.65095550400247
LV3.202 Bus 22,0.0,-7.368800297486928,-7.327523957486392,-7.3533436254869,-7.368800297486928,-33.44680429270829,-29.118569017708182,-31.436269007208296,-29.897041285536204
LV3.202 Bus 1,0.0,-2.761086682052934,-2.7530363320524884,-2.761086682052934,-2.761086682052934,-12.951447349652767,-11.908377244652598,-12.342444589902726,-11.074775512724898
LV3.205 Bus 136,0.0,-10.544952751574783,-10.544952751573874,-10.544952751574328,-9.066035593633615,-18.021812953886183,-15.211244223332642,-16.820504987359982,-15.709706653975672
LV6.202 Bus 21,0.0,-6.2775704834321004,-6.2775704834321004,-6.2775704834321004,-6.277639596689141,-19.967824290760973,-19.96672646817342,-19.967755177504046,-19.967688592386253
LV3.202 Bus 96,0.0,-11.47722890840123,-11.477333639492144,-11.477333639493281,-11.443680424551985,-41.14089707279595,-36.35563726532041,-38.419834989282435,-37.44885013338012
LV3.203 Bus 133,0.0,-4.011395842904108,-3.9790616627041118,-4.006175427073572,-4.007962680966102,-14.841092847150662,-13.621053597856871,-14.296439126428481,-12.273496945803686
LV2.203 Bus 74,0.0,-15.101201048464418,-15.101201048462599,-15.10120104846419,-14.200909134761105,-45.79167170537903,-36.331787325427285,-40.96993094455024,-38.80769003367868
LV2.217 Bus 51,0.0,-8.440597794270843,-8.392295694270388,-8.398333456770729,-8.440597794270843,-32.56566891666671,-28.12373211666653,-29.71173660116665,-27.725831990721304
LV3.203 Bus 28,0.0,-4.224139258007767,-4.224139258006801,-4.2241392580073125,-4.224139258007767,-18.986935222499937,-17.020274582499468,-18.226848099249594,-17.590287074464612
LV3.204 Bus 26,0.0,-8.975369220746188,-8.97536922074471,-8.97536922074562,-8.297226432676439,-27.88614681465947,-23.448066858352263,-26.303034350940834,-25.424909239324847
LV4.219 Bus 5,0.0,-18.627964113294638,-18.627964113294638,-18.627964113294638,-18.627964113294638,-56.44561837965057,-56.44539056100075,-56.44561837965057,-56.44555759400782
LV2.217 Bus 31,0.0,-8.210806896158829,-7.892013036158289,-8.072662890158767,-8.210806896158829,-35.890242448958304,-29.370866123958194,-32.56795496120827,-31.790804207591464
LV6.202 Bus 40,0.0,-50.950149481877816,-50.950149481877816,-50.950149481876906,-50.950149481877816,-140.83089616899088,-140.8314203195514,-140.83089616899088,-140.83089573443067
LV5.217 Bus 87,0.0,-4.241522547135389,-4.2415225471352755,-4.241522547135332,-4.241522547135389,-18.54644859083325,-18.413272120832886,-18.54096388083323,-18.54644859083271
LV3.202 Bus 17,0.0,-33.548156769337766,-33.38246592933683,-33.497659119337186,-33.548156769337766,-65.87042717513305,-54.950843780133255,-60.824442239882956,-64.14785329948154
LV3.202 Bus 98,0.0,-5.79653526058587,-5.770120271397559,-5.79653526058587,-5.796535260585756,-17.546325843986665,-16.541371642063723,-16.994156920181467,-14.700197715608283
LV3.204 Bus 34,0.0,-9.022032425683506,-8.780521925682478,-8.852170040683177,-9.022032425683506,-33.957842032916574,-29.30265306791614,-32.222977298166256,-32.59225812791624
LV3.205 Bus 93,0.0,-10.265929458422988,-10.203333155191558,-10.26515984319235,-10.265913991852585,-34.52952879909776,-29.11096143316172,-32.25905487007594,-32.121532945677245
LV3.202 Bus 37,0.0,-8.09449424546267,-8.094388441570686,-8.094388441571255,-8.094362317051605,-23.098032769575752,-21.12913265999498,-22.13120640900786,-19.346353347912327
LV4.232 Bus 17,0.0,-23.62430453035222,-23.62430453035222,-23.62430453035222,-23.502366683614582,-59.2955084259429,-59.29549724658773,-59.2955084259429,-59.29549724658773
LV2.203 Bus 90,0.0,-5.554374764105887,-5.554374764105205,-5.554374764106171,-5.554374764105887,-24.00189944930554,-20.8452197693054,-22.462699363805598,-20.673508890018127
LV2.217 Bus 42,0.0,-10.979943928211696,-10.690131328210668,-10.97994392821181,-10.97994392821181,-43.826747173611125,-35.4144848536107,-39.22034803011127,-38.80977539338778
LV5.217 Bus 99,0.0,-11.221336293897139,-11.163373773897092,-11.215540041897157,-8.00645640811581,-20.515774889560134,-20.225703348099614,-20.50393722771355,-20.51588236852831
LV2.217 Bus 17,0.0,-9.853109074256395,-9.804800666567985,-9.8531027665681,-9.576503738573479,-38.56469380588146,-31.414970188688585,-33.812463030115566,-32.120620153033826
LV2.217 Bus 7,0.0,-13.35896928815555,-13.358969288155095,-13.35896928815555,-12.191739987824121,-40.589799001783376,-31.739396550521633,-35.62205771835215,-31.86793337908307
LV3.205 Bus 45,0.0,-6.927820160321119,-6.9232534163199375,-6.927820160320664,-6.927820160321062,-29.322943843861083,-26.037349440860453,-27.89653109561067,-28.353345538539656
LV3.204 Bus 113,0.0,-17.120215075470014,-16.709221271108845,-17.108784387092783,-17.120215075470014,-51.71806437926898,-44.061687316284406,-47.90895143838952,-51.52255352042607
LV3.205 Bus 118,0.0,-6.944789745225648,-6.700351845224645,-6.841306155225141,-6.944789745225478,-32.57135100138845,-28.785609951388153,-30.99741904038825,-31.31251506078064
LV3.205 Bus 55,0.0,-17.537919044296814,-17.53798815755249,-17.53791904429636,-17.536406741346127,-60.59180352462272,-52.10775510550184,-57.04708828340199,-60.25949230984406
LV5.217 Bus 50,0.0,-10.485907558364033,-10.48597694350974,-10.48597694350974,-10.48597694350974,-35.600574923777,-35.1788651240372,-35.58462837854904,-35.60063580892506
LV4.232 Bus 7,0.0,-7.776124669748242,-7.776124669748242,-7.776124669748242,-7.776124669748242,-34.749212329027785,-34.749212329027785,-34.749212329027785,-34.749212329027785
LV3.205 Bus 27,0.0,-6.507185952216787,-6.5071859522158775,-6.507185952216446,-6.507185952216787,-27.510295292958347,-24.68674944895804,-26.326114809458034,-25.684409228702634
LV3.204 Bus 56,0.0,-8.856190592736311,-8.856157904061774,-8.856157904062798,-8.856157904063366,-29.309763262398747,-25.34052219731268,-27.930692366538096,-26.175340516414053
LV3.205 Bus 132,0.0,-7.137029522198304,-7.137029522197963,-7.137000402104945,-7.041340750496602,-16.020520656959434,-15.369967021325806,-15.622730233469952,-14.63737870970101
LV2.217 Bus 39,0.0,-9.340561387319099,-9.340561387317507,-9.340561387318758,-9.15610836527992,-30.86486118612663,-25.704010661929942,-28.190762881407295,-24.937959388634567
LV1.202 Bus 8,0.0,-16.66312429231766,-16.66312429231766,-16.66312429231766,-16.66312429231766,-60.37307349791661,-60.37307349791661,-60.37307349791661,-60.37307349791661
LV3.205 Bus 26,0.0,-7.012602840086402,-7.012602840086402,-7.014092343943503,-4.097725794455982,-4.48975010544882,-3.9881549036288106,-4.170687878231092,-2.8021830012175997
LV3.203 Bus 121,0.0,-6.44078856709524,-6.440788567094273,-6.440788567094955,0.36585000948343804,-25.781090960347797,-22.093928015643485,-24.175026860351238,-24.748323875483152
LV5.217 Bus 24,0.0,-14.19953890912825,-14.199406980717413,-14.199406980717413,-14.197449946466577,-45.06805826144682,-44.41757077273701,-45.03735272119684,-45.06937473331618
LV5.217 Bus 32,0.0,-12.07418465175283,-12.07418465175283,-12.07418465175283,-10.799394124808487,-30.379743839906496,-29.666348680275405,-30.33700587152157,-30.379173896551947
LV2.217 Bus 87,0.0,-5.636321891609555,-5.636291808986016,-5.636291808986698,-5.636291808986584,-18.10476236124657,-16.19276212133002,-17.029327400913985,-14.764492605535224
LV3.203 Bus 82,0.0,-18.264385729368314,-18.26438572936854,-18.26438572936854,-16.65366166060039,-46.28636691133602,-38.28103209034816,-42.70461779956031,-45.8342264001692
LV3.203 Bus 125,0.0,-5.9914055784418,-5.960375138440611,-5.9777638944413525,-5.991405578441743,-26.838115327430557,-24.41527294742997,-25.889065158930237,-25.7633513482794
LV3.205 Bus 4,0.0,-6.7157440329643805,-6.715744032963528,-6.715744032964324,-6.7157440329643805,-28.772333675069433,-24.548084765069234,-27.120119051569304,-27.159797854462624
LV5.217 Bus 5,0.0,-10.626207545104307,-10.626207545104307,-10.626207545104307,-10.111706272135734,-21.649628796090383,-21.155350727898167,-21.61729191459017,-21.65015611236845
LV4.202 Bus 9,0.0,-10.996044628211735,-10.633778878211274,-10.938565129211952,-10.996044628211735,-43.36653549861103,-40.036563853610915,-42.68855858361121,-43.36653549861103
LV4.232 Bus 25,0.0,-28.63290901495793,-28.63290901495793,-28.63290901495793,-28.63290901495793,-80.83301734214001,-80.82006856626958,-80.83301734214001,-80.82168442843704
LV3.204 Bus 79,0.0,-14.494312537255837,-14.494381650511514,-14.494381650512423,-14.483474145834862,-52.6286337366314,-46.29210015940953,-49.911596292674176,-50.572732488498104
LV3.202 Bus 77,0.0,-12.719468695208434,-12.71946869520707,-12.71946869520798,-11.599312639629716,-36.35309634660257,-29.26058244652768,-33.10550044209663,-32.354830740132684
LV2.203 Bus 29,0.0,-15.774891415249385,-15.69438791524908,-15.774891415249385,-15.183139292410488,-50.73717516694296,-41.35492140349061,-45.56136547941924,-46.33444412792028
LV2.217 Bus 89,0.0,-14.209283365372812,-14.020466065371693,-14.083258795372558,-13.609136475914283,-34.50233398545879,-28.17100303452844,-31.126269957610475,-31.09713119336766
LV3.203 Bus 7,0.0,-5.554374764105887,-5.554374764105205,-5.55437476410583,-5.554374764105887,-23.49780354930556,-20.585147649305384,-22.376185263055618,-22.948684510153385
LV3.205 Bus 6,0.0,-13.885936910264945,-13.499520110264143,-13.72299782626476,-13.885936910264832,-51.12184189826428,-44.83197254326376,-48.73216029626428,-50.193270023263835
LV6.202 Bus 57,0.0,-20.89928574673104,-20.89928574673104,-20.89928574673104,-20.69679203903752,-48.561765349089455,-48.561765349089,-48.561765349089455,-48.56276865945301
LV3.205 Bus 84,0.0,-8.483045094270778,-8.483045094269187,-8.48304509427021,-8.483045094270778,-34.835643896666625,-29.84272757666588,-32.793847638416196,-32.97762780695325
LV2.217 Bus 6,0.0,-14.723107230928917,-14.721497160927129,-14.723107230928917,-11.411002308246225,-34.779764362670676,-27.927234536996593,-30.55540992680153,-28.49938226417885
LV3.203 Bus 84,0.0,-6.186261207983762,-6.183918913448679,-6.186261207983762,-4.964778705809522,-4.736496332717024,-4.080273112944042,-4.487489339923513,-3.7487140505684238
LV2.217 Bus 71,0.0,-7.9911021260157895,-7.923080952725854,-7.9626886747269054,-7.457137536470896,-24.202532002762382,-19.9788895455971,-22.237897078402398,-18.827053240428313
LV2.217 Bus 24,0.0,-15.733201044851512,-15.283817217100477,-15.481775323601369,-14.930259117770447,-40.37867699226035,-31.3585739860996,-35.09684098095204,-35.1159618482759
LV3.202 Bus 114,0.0,-20.11213009665107,-19.261411595416575,-19.84707311102511,-20.11152732883511,-60.51851059646356,-51.449025214946005,-56.3689698859323,-58.874738620477274
LV2.217 Bus 88,0.0,-2.7771873820529436,-2.777187382052432,-2.777187382052915,-2.7771873820529436,-12.484527049652769,-11.531921934652615,-11.940043918152696,-9.999816331040421
LV3.205 Bus 114,0.0,-7.756299177580672,-7.756285215592584,-7.75808570011236,-7.758093578496528,-24.206912946836496,-21.546108317044286,-23.129357732197946,-22.711893170116696
LV5.217 Bus 38,0.0,-7.749056350204228,-7.749056350204228,-7.749056350204228,-6.500547867150999,-8.713216291915387,-8.510585420278403,-8.703300616915385,-8.70978475542529
LV3.204 Bus 99,0.0,-11.810382176628764,-11.70033977865046,-11.76979718381449,-11.783534362524279,-35.59802148981339,-31.349727546898748,-33.77974766681268,-33.829796509243124
LV5.217 Bus 64,0.0,-16.271514418673405,-16.271514418673178,-16.27144479031722,-16.109434709383095,-49.57287674745794,-48.78228418245726,-49.52375124063656,-49.57301591263126
LV4.219 Bus 34,0.0,-15.661251511059845,-15.661251511059845,-15.661251511059845,-13.85896008835607,-35.235010079479935,-35.235014111222654,-35.235010079479935,-35.233528297991825
LV4.232 Bus 15,0.0,-17.300041271824284,-17.300041271824284,-17.30004127182474,-16.14086803174723,-21.084375940274185,-21.08437594027373,-21.08437594027373,-21.08381552658966
LV4.219 Bus 43,0.0,-7.896843246158824,-7.896843246158824,-7.896843246158824,-7.896843246158824,-31.827204623958323,-31.827204623958323,-31.827204623958323,-31.827204623958323
LV2.217 Bus 57,0.0,-6.753465547103474,-6.748635337103224,-6.749359868603506,-6.52428648499631,-14.978721653462117,-14.511904525465297,-14.678451587538802,-13.057431849383647
LV3.204 Bus 95,0.0,-7.813271123677055,-7.813271123676827,-7.813271123677055,-7.377115892105394,-11.408733898583023,-10.04071333153945,-10.911982073474519,-9.767712288363327
LV4.219 Bus 30,0.0,-8.689188226069973,-8.689188226069973,-8.689188226070087,-8.586188226547392,-22.496057444659982,-22.495937964749146,-22.496057444659982,-22.498077174441732
LV4.202 Bus 40,0.0,-4.594982759396714,-4.594982759396146,-4.594982759396828,-4.594982759396714,-19.386749877152795,-18.401185332152806,-19.23473746240279,-19.386749877152795
LV3.204 Bus 85,0.0,-10.485240678626724,-10.461089628626269,-10.466322356126739,-6.839969503934981,-11.66107009983375,-9.427721966183526,-10.94299667711266,-9.435769138986643
LV4.232 Bus 20,0.0,-12.37116458315245,-12.37116458315245,-12.37116458315245,-12.281047091118126,-39.04326571062575,-39.0428304176578,-39.04295172512889,-39.0428304176578
LV3.202 Bus 102,0.0,-16.406464666931015,-16.40295178692918,-16.40646466693056,-16.35300447087843,-55.2451626743275,-45.20143983139792,-50.20635899271474,-50.98864963654728
LV3.204 Bus 15,0.0,-12.053755544854539,-11.893854807532762,-12.009800633854184,-10.37047205175304,-22.773742731239054,-19.610671534185258,-21.410015797310734,-19.700810029570675
LV4.202 Bus 16,0.0,-9.812276376678255,-9.812250794003035,-9.812288963464425,-9.81221555368893,-32.757342933056634,-30.049140108365464,-32.36378660589071,-32.466643292428785
LV5.217 Bus 62,0.0,-25.44913528281245,-25.44913528281222,-25.44913528281222,-25.44913528281245,-84.22164488499993,-82.88344109499872,-84.13647349099983,-84.22164488499834
LV3.205 Bus 99,0.0,-21.555903002500145,-21.55590300249878,-21.55590300249969,-20.41934146282574,-65.47913171528216,-55.18596282015051,-60.97332166835122,-65.34948759093231
LV4.202 Bus 12,0.0,-13.402851431994122,-13.402851431993213,-13.402676179100354,-13.322980175650855,-46.947552014717985,-43.945957610646246,-46.38123822596026,-46.774280535014896
LV4.202 Bus 43,0.0,-10.627546945685026,-10.627546945684344,-10.627546945685026,-9.150256998263785,-23.199360428880482,-20.8373190313514,-22.80457488918387,-23.19476302146154
LV3.203 Bus 27,0.0,-22.75366783776235,-22.69108897717274,-22.753667837761668,-22.577162258593034,-72.6517216220127,-62.576969279533614,-68.37352157019791,-71.4956454752305
LV2.203 Bus 89,0.0,-28.250786736204645,-28.250786736204873,-28.250786736204645,-28.250786736204645,-104.14945742872192,-85.51377432772165,-95.01586792172179,-104.14945742872146
LV6.202 Bus 23,0.0,-18.842959976850125,-18.842959976850125,-18.842959976850125,-18.768844738789994,-45.59324996367286,-45.593249963672406,-45.59324996367286,-45.587201674371954
LV3.204 Bus 77,0.0,-12.298950393093264,-12.298983081764618,-12.298950393092582,-12.271587603984244,-43.841004659046575,-38.14514113438963,-41.46948501589418,-42.01961585795448
LV2.217 Bus 68,0.0,-15.121054272774245,-15.12105427277288,-15.121054272774018,-13.847914771524984,-39.216837907559466,-31.284495594699592,-34.55118373959158,-32.371797183837316
LV3.205 Bus 37,0.0,-14.700386096735429,-14.700386096734064,-14.700386096735201,-11.360999226838885,-36.80121960196175,-31.045625750200998,-34.331369037138074,-34.72466411113601
LV2.217 Bus 11,0.0,-5.4497202141058665,-5.386927484105399,-5.4047187576060765,-5.449720214105923,-23.626085549305515,-21.433517094305444,-22.238422503305628,-21.071662553715555
LV6.202 Bus 37,0.0,-8.154839661066262,-8.154839661066262,-8.154839661066376,-8.154839661066376,-30.698184471187346,-30.698142520157944,-30.69818447118746,-30.699280259848706
LV3.203 Bus 12,0.0,-8.096266911181601,-7.897789191181175,-8.065968321181742,-8.096266911181601,-36.01171888854168,-31.126571348541688,-33.838780078541674,-34.74228810959124
LV3.203 Bus 39,0.0,-5.714739098779546,-5.714706410106032,-5.714739098779432,-5.714706410106714,-18.32436260247357,-16.945099798614933,-17.746955431918195,-15.698547593252897
LV6.202 Bus 17,0.0,-16.846420057196156,-16.846420057196156,-16.846356385783565,-16.55216323924924,-43.01709257216771,-43.01702607540847,-43.01709257216771,-43.019335751841936
LV3.204 Bus 73,0.0,-8.685101511922767,-8.685101511921971,-8.685101511922426,-8.683935668503409,-30.31889446415846,-28.3313999301904,-29.523018553957286,-28.677115643817842
LV3.205 Bus 58,0.0,-5.655363396180519,-5.655363396179155,-5.6553633961799505,-5.655363396180462,-25.528590496111065,-22.719977486110565,-24.336373407110727,-23.38145451458479
LV2.203 Bus 73,0.0,-5.655363396180519,-5.655363396179155,-5.655363396180292,-5.655363396180462,-24.828351656111067,-21.346340256110523,-23.07752604636073,-21.20842403947853
LV3.202 Bus 69,0.0,-16.946767857753684,-16.946767857751865,-16.94676785775323,-16.047271156110355,-44.095508650143756,-35.691075940410656,-39.42533802005278,-41.656221721955035
LV3.202 Bus 115,0.0,-15.034300688228313,-15.034300688226722,-15.034300688227859,-13.214331603392566,-38.70928970771865,-30.86359861636174,-34.74741632985115,-34.8521841790639
LV6.202 Bus 19,0.0,-13.885936910264718,-13.885936910264718,-13.885936910264718,-13.885936910264718,-52.37658384826409,-52.37658384826398,-52.37658384826409,-52.37658384826386
